{
  "classification": {
    "accuracy": 0.9278016213638531,
    "precision": 0.6901041666666666,
    "recall": 0.5052430886558628,
    "f1_score": 0.5833791964777105,
    "confusion_matrix": [
      [
        9198,
        238
      ],
      [
        519,
        530
      ]
    ]
  },
  "regression": {
    "rmse": 32206.616959873325,
    "mae": 12596.1884765625,
    "r2_score": 0.41192787885665894,
    "mse": 1037266176.0
  }
}