{
  "classification": {
    "accuracy": 0.9291368621840724,
    "precision": 0.6941624365482234,
    "recall": 0.5214489990467112,
    "f1_score": 0.5955362003266195,
    "confusion_matrix": [
      [
        9195,
        241
      ],
      [
        502,
        547
      ]
    ]
  },
  "regression": {
    "rmse": 32346.58411641019,
    "mae": 12771.9189453125,
    "r2_score": 0.4068053364753723,
    "mse": 1046301504.0
  }
}