{
  "accuracy": 0.923,
  "precision": 0.5625,
  "recall": 0.057692307692307696,
  "f1_score": 0.10465116279069768,
  "confusion_matrix": [
    [
      3674,
      14
    ],
    [
      294,
      18
    ]
  ]
}