{
  "accuracy": 0.9279923700524559,
  "precision": 0.6828358208955224,
  "recall": 0.5233555767397522,
  "f1_score": 0.5925526173772261,
  "confusion_matrix": [
    [
      9181,
      255
    ],
    [
      500,
      549
    ]
  ]
}