{
  "classification": {
    "accuracy": 0.77275,
    "precision": 0.43098311817279045,
    "recall": 0.5636363636363636,
    "f1_score": 0.4884637028700056,
    "confusion_matrix": [
      [
        2657,
        573
      ],
      [
        336,
        434
      ]
    ]
  },
  "regression": {
    "rmse": 7956.926793681088,
    "mae": 3524.2353515625,
    "r2_score": -0.045338988304138184,
    "mse": 63312684.0
  }
}