{
  "classification": {
    "accuracy": 0.89525,
    "precision": 0.36246786632390743,
    "recall": 0.4519230769230769,
    "f1_score": 0.40228245363766046,
    "confusion_matrix": [
      [
        3440,
        248
      ],
      [
        171,
        141
      ]
    ]
  },
  "regression": {
    "rmse": 6270.435072624547,
    "mae": 1966.4993896484375,
    "r2_score": -0.04345059394836426,
    "mse": 39318356.0
  }
}