{
  "classification": {
    "accuracy": 0.9995,
    "precision": 0.9995515695067264,
    "recall": 0.9995515695067264,
    "f1_score": 0.9995515695067264,
    "confusion_matrix": [
      [
        1769,
        1
      ],
      [
        1,
        2229
      ]
    ]
  },
  "regression": {
    "rmse": 12495.658766147546,
    "mae": 5865.45068359375,
    "r2_score": 0.11974918842315674,
    "mse": 156141488.0
  }
}