{
  "classification": {
    "accuracy": 0.99525,
    "precision": 0.3333333333333333,
    "recall": 0.46153846153846156,
    "f1_score": 0.3870967741935484,
    "confusion_matrix": [
      [
        3975,
        12
      ],
      [
        7,
        6
      ]
    ]
  },
  "regression": {
    "rmse": 2037.6558836074357,
    "mae": 251.85569763183594,
    "r2_score": -1.0036661624908447,
    "mse": 4152041.5
  }
}