{
  "classification": {
    "accuracy": 0.6605,
    "precision": 0.6284708642940946,
    "recall": 0.7975186104218362,
    "f1_score": 0.7029746281714786,
    "confusion_matrix": [
      [
        1035,
        950
      ],
      [
        408,
        1607
      ]
    ]
  },
  "regression": {
    "rmse": 11964.008024069526,
    "mae": 6131.89599609375,
    "r2_score": -0.04606592655181885,
    "mse": 143137488.0
  }
}