{
  "classification": {
    "accuracy": 1.0,
    "precision": 1.0,
    "recall": 1.0,
    "f1_score": 1.0,
    "confusion_matrix": [
      [
        3597,
        0
      ],
      [
        0,
        403
      ]
    ]
  },
  "regression": {
    "rmse": 238.69704910199457,
    "mae": 20.168582916259766,
    "r2_score": 0.9984160661697388,
    "mse": 56976.28125
  }
}