{
  "classification": {
    "accuracy": 0.8853600381497377,
    "precision": 0.43661971830985913,
    "recall": 0.5023832221163013,
    "f1_score": 0.4671985815602837,
    "confusion_matrix": [
      [
        8756,
        680
      ],
      [
        522,
        527
      ]
    ]
  },
  "regression": {
    "rmse": 35958.427551827124,
    "mae": 18090.35546875,
    "r2_score": 0.2669362425804138,
    "mse": 1293008512.0
  }
}