{
  "classification": {
    "accuracy": 0.81075,
    "precision": 0.09954751131221719,
    "recall": 0.10918114143920596,
    "f1_score": 0.10414201183431952,
    "confusion_matrix": [
      [
        3199,
        398
      ],
      [
        359,
        44
      ]
    ]
  },
  "regression": {
    "rmse": 6380.584299262881,
    "mae": 2625.25390625,
    "r2_score": -0.13177990913391113,
    "mse": 40711856.0
  }
}